meta_hashkey,meta_recordsource,meta_loaddatetime,Car Make,HasDependents,Department
6B86B273FF34FCE19D6B804EFF5A3F5747ADA4EAA22F1D49C01E52DDB7875B4B,online,21/01/2018,Ford,FALSE,Training
6B86B273FF34FCE19D6B804EFF5A3F5747ADA4EAA22F1D49C01E52DDB7875B4B,online,21/02/2018,Ford,FALSE,Training
6B86B273FF34FCE19D6B804EFF5A3F5747ADA4EAA22F1D49C01E52DDB7875B4B,online,21/03/2018,Ford,FALSE,Training
6B86B273FF34FCE19D6B804EFF5A3F5747ADA4EAA22F1D49C01E52DDB7875B4B,online,21/04/2018,Ford,FALSE,Human Resources
6B86B273FF34FCE19D6B804EFF5A3F5747ADA4EAA22F1D49C01E52DDB7875B4B,online,21/05/2018,Chrysler,FALSE,Human Resources
D4735E3A265E16EEE03F59718B9B5D03019C07D8B6C51F90DA3A666EEC13AB35,online,21/01/2018,Lincoln,TRUE,Accounting
D4735E3A265E16EEE03F59718B9B5D03019C07D8B6C51F90DA3A666EEC13AB35,online,21/02/2018,Lincoln,TRUE,Accounting
D4735E3A265E16EEE03F59718B9B5D03019C07D8B6C51F90DA3A666EEC13AB35,online,21/03/2018,Lincoln,TRUE,Accounting
D4735E3A265E16EEE03F59718B9B5D03019C07D8B6C51F90DA3A666EEC13AB35,online,21/04/2018,Lincoln,TRUE,Accounting
D4735E3A265E16EEE03F59718B9B5D03019C07D8B6C51F90DA3A666EEC13AB35,online,21/05/2018,Lincoln,TRUE,Accounting
4E07408562BEDB8B60CE05C1DECFE3AD16B72230967DE01F640B7E4729B49FCE,online,21/01/2018,Chrysler,FALSE,Sales
4E07408562BEDB8B60CE05C1DECFE3AD16B72230967DE01F640B7E4729B49FCE,online,21/02/2018,Chrysler,FALSE,Sales
4E07408562BEDB8B60CE05C1DECFE3AD16B72230967DE01F640B7E4729B49FCE,online,21/03/2018,BMW,FALSE,Sales
4B227777D4DD1FC61C6F884F48641D02B4D121D3FD328CB08B5531FCACDABF8A,online,21/01/2018,Chrysler,TRUE,Research and Development
4B227777D4DD1FC61C6F884F48641D02B4D121D3FD328CB08B5531FCACDABF8A,online,21/02/2018,Chrysler,TRUE,Research and Development
4B227777D4DD1FC61C6F884F48641D02B4D121D3FD328CB08B5531FCACDABF8A,online,21/04/2018,Lamborghini,TRUE,Product Management
4B227777D4DD1FC61C6F884F48641D02B4D121D3FD328CB08B5531FCACDABF8A,online,21/05/2018,Lamborghini,TRUE,Product Management
EF2D127DE37B942BAAD06145E54B0C619A1F22327B2EBBCFBEC78F5564AFE39D,online,21/03/2018,Mazda,TRUE,Legal
EF2D127DE37B942BAAD06145E54B0C619A1F22327B2EBBCFBEC78F5564AFE39D,online,21/04/2018,Mazda,TRUE,Legal
EF2D127DE37B942BAAD06145E54B0C619A1F22327B2EBBCFBEC78F5564AFE39D,online,21/05/2018,Mazda,TRUE,Sales
